<?xml version="1.0" encoding="UTF-8"?>
<project-private xmlns="http://www.netbeans.org/ns/project-private/1">
    <editor-bookmarks xmlns="http://www.netbeans.org/ns/editor-bookmarks/2" lastBookmarkId="0"/>
    <open-files xmlns="http://www.netbeans.org/ns/projectui-open-files/2">
        <group>
            <file>file:/C:/Users/AMAR/Dropbox/My%20PC%20(DESKTOP-ADKACRL)/Desktop/srishti/Quiz%20Management%20System%20Project%20In%20Java%20Source%20Code/src/quiz_management_system/Quiz_management_system.java</file>
            <file>file:/C:/Users/AMAR/Dropbox/My%20PC%20(DESKTOP-ADKACRL)/Desktop/srishti/Quiz%20Management%20System%20Project%20In%20Java%20Source%20Code/src/quiz_management_system/resetpassword.java</file>
            <file>file:/C:/Users/AMAR/Dropbox/My%20PC%20(DESKTOP-ADKACRL)/Desktop/srishti/Quiz%20Management%20System%20Project%20In%20Java%20Source%20Code/src/quiz_management_system/register_teacher.java</file>
            <file>file:/C:/Users/AMAR/Dropbox/My%20PC%20(DESKTOP-ADKACRL)/Desktop/srishti/Quiz%20Management%20System%20Project%20In%20Java%20Source%20Code/src/quiz_management_system/forget_teacher.java</file>
            <file>file:/C:/Users/AMAR/Dropbox/My%20PC%20(DESKTOP-ADKACRL)/Desktop/srishti/Quiz%20Management%20System%20Project%20In%20Java%20Source%20Code/src/quiz_management_system/resetpassteacher.java</file>
            <file>file:/C:/Users/AMAR/Dropbox/My%20PC%20(DESKTOP-ADKACRL)/Desktop/srishti/Quiz%20Management%20System%20Project%20In%20Java%20Source%20Code/src/quiz_management_system/teacher_homepage.java</file>
            <file>file:/C:/Users/AMAR/Dropbox/My%20PC%20(DESKTOP-ADKACRL)/Desktop/srishti/Quiz%20Management%20System%20Project%20In%20Java%20Source%20Code/src/quiz_management_system/student_login.java</file>
            <file>file:/C:/Users/AMAR/Dropbox/My%20PC%20(DESKTOP-ADKACRL)/Desktop/srishti/Quiz%20Management%20System%20Project%20In%20Java%20Source%20Code/src/quiz_management_system/teacher_login.java</file>
            <file>file:/C:/Users/AMAR/Dropbox/My%20PC%20(DESKTOP-ADKACRL)/Desktop/srishti/Quiz%20Management%20System%20Project%20In%20Java%20Source%20Code/src/quiz_management_system/forgetpassword_page.java</file>
            <file>file:/C:/Users/AMAR/Dropbox/My%20PC%20(DESKTOP-ADKACRL)/Desktop/srishti/Quiz%20Management%20System%20Project%20In%20Java%20Source%20Code/src/quiz_management_system/student_homepage.java</file>
            <file>file:/C:/Users/AMAR/Dropbox/My%20PC%20(DESKTOP-ADKACRL)/Desktop/srishti/Quiz%20Management%20System%20Project%20In%20Java%20Source%20Code/src/quiz_management_system/welcome.java</file>
            <file>file:/C:/Users/AMAR/Dropbox/My%20PC%20(DESKTOP-ADKACRL)/Desktop/srishti/Quiz%20Management%20System%20Project%20In%20Java%20Source%20Code/src/quiz_management_system/register_student.java</file>
            <file>file:/C:/Users/AMAR/Dropbox/My%20PC%20(DESKTOP-ADKACRL)/Desktop/srishti/Quiz%20Management%20System%20Project%20In%20Java%20Source%20Code/src/quiz_management_system/admin_login.java</file>
            <file>file:/C:/Users/AMAR/Dropbox/My%20PC%20(DESKTOP-ADKACRL)/Desktop/srishti/Quiz%20Management%20System%20Project%20In%20Java%20Source%20Code/src/quiz_management_system/Admin_home.java</file>
        </group>
    </open-files>
</project-private>
